Model,Sharpe,Drawdown,Return,MSE,MAE,Direction
lasso,0.029854734594713543,-0.9999050394791554,12335.16751870897,2.8081325590873575e-05,0.003909829535316235,0.5263267429760666
ridge,0.029804515158624215,-0.9999054432051732,12108.84153027382,3.247380435916269e-05,0.004193059790141731,0.5090530697190426
elastic,0.029854734594713543,-0.9999050394791554,12335.16751870897,2.8081325590873575e-05,0.003909829535316235,0.5263267429760666
equal_weight,0.036441689124158745,-0.4728945665921822,1.3063909095546604,,,
ibov,0.025893034662047697,-0.46815808848136,0.7227279146499568,,,
